store_id,category,region,lag_7,lag_14,lag_28,rolling_mean_7,rolling_mean_28
S0104,HOME_CARE,WEST,13,26,24,49.14,41.86
S0060,HOME_CARE,SOUTH,33,55,49,46.14,43.36
S0086,GROCERIES,EAST,98,45,89,56.43,73.64
S0070,DAIRY,SOUTH,89,61,131,40.71,59.93
S0072,DAIRY,SOUTH,49,64,52,59.86,51.54
S0102,BEVERAGES,SOUTH,89,122,42,50.86,69.96
S0032,PHARMA,EAST,15,28,54,31.29,34.68
S0106,HOME_CARE,WEST,27,38,47,39.57,49.29
S0012,GROCERIES,CENTRAL,58,100,75,74.14,80.29
S0080,PHARMA,EAST,53,16,43,73.14,53.57
S0072,BEVERAGES,SOUTH,60,94,57,84.14,70.36
S0020,PHARMA,WEST,42,41,93,29.57,29.18
S0028,GROCERIES,NORTH,34,53,48,38.43,58.96
S0030,PHARMA,NORTH,41,37,36,36.14,41.14
S0018,PHARMA,CENTRAL,29,34,23,31.29,38.71
S0033,BEVERAGES,NORTH,28,53,63,65.86,60.46
S0015,SNACKS,WEST,47,38,78,56.71,62.07
S0075,PERSONAL_CARE,EAST,34,69,64,41.71,47.21
S0108,PHARMA,SOUTH,75,37,53,56.71,57.79
S0077,PHARMA,NORTH,29,43,28,30.86,37.75
S0068,PERSONAL_CARE,CENTRAL,75,42,39,46.14,41.18
S0063,PERSONAL_CARE,SOUTH,58,48,89,57.14,60.71
S0039,PHARMA,SOUTH,32,20,21,36.71,37.21
S0109,SNACKS,NORTH,55,47,68,41.0,61.75
S0119,BEVERAGES,EAST,97,55,25,70.43,63.79
S0023,GROCERIES,CENTRAL,115,118,2,57.14,78.96
S0026,SNACKS,NORTH,46,34,32,68.57,66.36
S0103,DAIRY,CENTRAL,31,77,43,68.43,64.64
S0062,PHARMA,SOUTH,65,20,39,31.29,37.43
S0056,GROCERIES,CENTRAL,54,45,69,54.57,52.5
S0064,PHARMA,EAST,66,15,75,51.14,45.32
S0062,PERSONAL_CARE,SOUTH,27,88,14,44.57,48.14
S0028,SNACKS,NORTH,53,54,24,55.43,54.07
S0042,DAIRY,CENTRAL,62,34,40,57.86,51.39
S0040,SNACKS,NORTH,41,52,87,70.71,53.68
S0071,DAIRY,EAST,75,171,101,77.14,70.61
S0030,DAIRY,NORTH,47,52,33,44.71,56.75
S0012,PHARMA,CENTRAL,67,36,20,38.0,47.07
S0071,PERSONAL_CARE,EAST,63,20,47,64.71,56.04
S0040,HOME_CARE,NORTH,24,35,42,31.29,36.07
S0018,HOME_CARE,CENTRAL,39,48,22,38.29,44.36
S0055,DAIRY,NORTH,40,40,63,34.86,42.96
S0036,PERSONAL_CARE,NORTH,47,74,45,54.86,57.57
S0063,PHARMA,SOUTH,50,53,63,49.14,48.0
S0089,BEVERAGES,NORTH,67,38,118,78.57,79.64
S0028,HOME_CARE,NORTH,37,24,41,38.57,34.36
S0006,GROCERIES,NORTH,43,49,103,69.43,65.25
S0090,PERSONAL_CARE,NORTH,53,23,79,52.43,44.61
S0120,HOME_CARE,SOUTH,27,30,45,39.43,42.54
S0004,SNACKS,NORTH,19,126,61,51.0,66.0
S0067,HOME_CARE,SOUTH,60,23,30,51.86,54.14
S0037,PHARMA,CENTRAL,15,78,23,45.29,41.54
S0092,PHARMA,WEST,33,16,32,46.57,48.75
S0114,GROCERIES,SOUTH,140,70,80,80.43,79.71
S0117,GROCERIES,EAST,43,69,34,74.86,67.14
S0036,HOME_CARE,NORTH,83,46,85,51.14,51.68
S0016,PHARMA,WEST,25,72,48,46.43,44.07
S0073,DAIRY,CENTRAL,38,55,29,37.43,44.93
S0115,SNACKS,CENTRAL,38,46,60,61.57,53.96
S0046,PHARMA,NORTH,48,48,32,38.43,45.61
S0074,SNACKS,WEST,24,31,75,55.0,47.46
S0114,DAIRY,SOUTH,67,94,20,68.86,63.5
S0083,HOME_CARE,SOUTH,64,38,49,46.86,48.96
S0087,HOME_CARE,CENTRAL,50,43,23,50.71,55.46
S0012,DAIRY,CENTRAL,99,55,26,55.43,57.04
S0052,BEVERAGES,WEST,178,74,90,76.71,82.0
S0002,SNACKS,NORTH,42,54,30,81.86,68.39
S0066,PERSONAL_CARE,CENTRAL,30,36,66,45.29,44.57
S0094,GROCERIES,SOUTH,84,63,90,58.14,76.5
S0067,PHARMA,SOUTH,27,48,81,46.14,47.32
S0100,HOME_CARE,WEST,50,26,58,46.57,41.21
S0082,BEVERAGES,EAST,32,43,17,56.14,59.64
S0010,GROCERIES,WEST,102,56,67,46.71,53.32
S0016,GROCERIES,WEST,99,43,33,68.0,68.86
S0079,DAIRY,SOUTH,53,80,121,70.29,61.89
S0094,PHARMA,SOUTH,60,40,66,52.43,42.82
S0100,DAIRY,WEST,89,44,41,54.86,55.64
S0018,BEVERAGES,CENTRAL,102,182,38,59.71,67.25
S0081,DAIRY,WEST,37,111,116,50.14,55.39
S0105,PHARMA,NORTH,36,41,23,35.29,42.0
S0050,SNACKS,NORTH,69,68,72,71.14,69.71
S0004,GROCERIES,NORTH,52,39,59,87.86,73.5
S0045,PERSONAL_CARE,CENTRAL,65,50,41,60.0,57.11
S0005,BEVERAGES,CENTRAL,75,64,50,65.57,75.86
S0118,GROCERIES,WEST,129,42,45,85.86,69.29
S0045,HOME_CARE,CENTRAL,36,22,25,40.29,47.46
S0004,PERSONAL_CARE,NORTH,82,87,34,60.29,57.04
S0102,PERSONAL_CARE,SOUTH,30,24,57,59.71,44.07
S0099,HOME_CARE,NORTH,52,50,37,39.71,44.11
S0106,DAIRY,WEST,57,69,72,68.57,64.86
S0031,HOME_CARE,CENTRAL,16,31,20,26.0,33.79
S0022,PERSONAL_CARE,NORTH,22,37,0,33.14,37.61
S0118,SNACKS,WEST,48,41,48,56.57,55.43
S0078,HOME_CARE,NORTH,45,29,22,47.57,48.93
S0058,GROCERIES,WEST,26,85,97,65.71,72.14
S0085,SNACKS,NORTH,61,134,98,65.86,67.11
S0025,DAIRY,SOUTH,54,85,51,58.0,54.29
S0039,SNACKS,SOUTH,75,63,54,65.14,57.11
S0088,PERSONAL_CARE,SOUTH,35,58,45,51.14,56.82
S0002,GROCERIES,NORTH,60,52,120,74.14,67.43
S0023,SNACKS,CENTRAL,66,87,90,64.0,70.5
S0081,PHARMA,WEST,31,28,49,31.71,34.64
S0038,GROCERIES,SOUTH,156,29,80,56.29,64.68
S0015,PHARMA,WEST,63,55,45,38.14,43.96
S0112,GROCERIES,NORTH,34,66,51,69.43,59.11
S0031,BEVERAGES,CENTRAL,35,61,43,45.43,50.43
S0090,DAIRY,NORTH,42,62,59,47.14,48.25
S0073,GROCERIES,CENTRAL,70,65,57,66.0,57.0
S0041,BEVERAGES,SOUTH,118,36,6,69.14,67.54
S0107,PERSONAL_CARE,WEST,47,78,48,61.71,62.25
S0016,HOME_CARE,WEST,48,42,47,37.0,42.14
S0008,SNACKS,NORTH,84,24,22,64.71,64.39
S0068,SNACKS,CENTRAL,33,41,55,68.0,62.96
S0099,SNACKS,NORTH,74,44,45,73.43,64.11
S0084,SNACKS,WEST,82,60,62,73.43,67.5
S0008,HOME_CARE,NORTH,35,34,57,52.43,47.89
S0043,HOME_CARE,SOUTH,30,47,35,57.57,45.64
S0007,GROCERIES,EAST,87,127,28,73.0,70.96
S0049,SNACKS,SOUTH,46,85,35,45.29,53.14
S0116,PHARMA,SOUTH,60,65,61,41.86,45.21
S0019,SNACKS,WEST,121,49,97,67.43,64.46
S0107,GROCERIES,WEST,72,41,125,56.14,75.43
S0067,DAIRY,SOUTH,44,58,42,36.86,49.0
S0065,GROCERIES,SOUTH,20,129,41,64.14,61.25
S0100,BEVERAGES,WEST,61,63,48,56.29,58.36
S0009,SNACKS,NORTH,51,44,81,46.71,63.64
S0022,PHARMA,NORTH,21,27,26,36.86,36.71
S0014,HOME_CARE,EAST,69,97,24,59.29,55.57
S0012,HOME_CARE,CENTRAL,27,90,32,45.14,48.11
S0010,BEVERAGES,WEST,65,18,56,54.71,51.57
S0030,HOME_CARE,NORTH,35,27,38,53.0,38.04
S0083,GROCERIES,SOUTH,77,83,80,62.86,69.25
S0093,GROCERIES,EAST,93,70,67,89.43,85.96
S0093,SNACKS,EAST,80,67,209,88.14,78.14
S0055,PERSONAL_CARE,NORTH,35,27,43,40.43,41.64
S0013,DAIRY,CENTRAL,37,17,44,53.57,52.04
S0092,SNACKS,WEST,45,57,129,67.14,62.54
S0001,HOME_CARE,WEST,33,48,50,38.0,44.14
S0009,PHARMA,NORTH,34,54,39,40.14,36.82
S0041,PHARMA,SOUTH,32,43,29,42.43,37.68
S0107,DAIRY,WEST,58,70,120,60.71,58.43
S0057,PERSONAL_CARE,EAST,49,33,31,40.29,46.54
S0050,GROCERIES,NORTH,63,78,3,65.57,81.61
S0065,PHARMA,SOUTH,50,29,56,49.43,41.89
S0052,HOME_CARE,WEST,49,96,55,52.14,55.46
S0113,PHARMA,SOUTH,81,33,24,40.43,39.71
S0088,DAIRY,SOUTH,33,52,59,59.43,57.07
S0047,DAIRY,NORTH,21,47,114,54.29,58.11
S0024,SNACKS,SOUTH,44,80,28,69.43,67.0
S0093,PERSONAL_CARE,EAST,18,39,43,57.86,49.39
S0090,HOME_CARE,NORTH,43,44,41,36.43,39.07
S0069,SNACKS,CENTRAL,81,30,63,40.0,45.64
S0005,GROCERIES,CENTRAL,62,106,115,61.57,65.04
S0094,BEVERAGES,SOUTH,41,122,48,58.86,63.0
S0055,SNACKS,NORTH,76,42,38,59.14,53.71
S0047,SNACKS,NORTH,55,45,73,74.0,67.64
S0061,SNACKS,EAST,105,29,107,72.0,75.32
S0104,PERSONAL_CARE,WEST,86,40,26,40.86,44.11
S0027,BEVERAGES,CENTRAL,59,48,74,68.29,61.54
S0002,HOME_CARE,NORTH,22,35,13,53.29,44.32
S0073,SNACKS,CENTRAL,62,105,29,56.57,55.32
S0101,DAIRY,CENTRAL,44,39,37,49.86,52.32
S0057,PHARMA,EAST,47,21,47,36.0,38.36
S0057,GROCERIES,EAST,58,75,50,49.0,60.68
S0084,BEVERAGES,WEST,62,46,27,47.86,62.86
S0052,PHARMA,WEST,96,28,46,31.0,41.79
S0119,SNACKS,EAST,68,71,51,72.0,64.43
S0079,BEVERAGES,SOUTH,43,130,62,62.57,73.68
S0081,SNACKS,WEST,76,31,66,46.86,53.21
S0066,BEVERAGES,CENTRAL,54,42,50,57.57,54.18
S0032,SNACKS,EAST,47,109,39,47.43,57.64
S0097,SNACKS,SOUTH,50,26,62,45.0,44.04
S0109,PERSONAL_CARE,NORTH,35,12,24,61.43,44.68
S0087,SNACKS,CENTRAL,85,43,83,63.0,72.96
S0076,DAIRY,WEST,28,89,62,61.71,57.57
S0067,GROCERIES,SOUTH,71,135,152,78.0,76.18
S0091,BEVERAGES,EAST,33,71,46,61.86,62.61
S0049,BEVERAGES,SOUTH,43,54,70,59.71,57.71
S0075,PHARMA,EAST,34,23,26,44.0,40.0
S0065,HOME_CARE,SOUTH,9,61,31,38.0,41.39
S0105,HOME_CARE,NORTH,52,31,42,50.14,42.93
S0116,BEVERAGES,SOUTH,57,25,80,66.0,66.93
S0120,BEVERAGES,SOUTH,32,54,58,45.14,53.61
S0042,PERSONAL_CARE,CENTRAL,58,42,77,40.57,45.18
S0044,DAIRY,CENTRAL,86,14,132,70.71,58.64
S0061,HOME_CARE,EAST,27,94,92,37.0,48.71
S0047,PERSONAL_CARE,NORTH,89,57,27,51.57,54.07
S0058,PHARMA,WEST,29,157,43,41.86,50.57
S0119,DAIRY,EAST,47,105,99,70.86,60.25
S0111,PERSONAL_CARE,NORTH,30,31,12,39.0,39.25
S0097,PHARMA,SOUTH,33,28,51,16.71,27.79
S0078,BEVERAGES,NORTH,78,104,114,75.86,64.96
S0058,BEVERAGES,WEST,91,97,37,78.29,71.71
S0062,HOME_CARE,SOUTH,26,50,55,56.29,42.89
S0116,SNACKS,SOUTH,81,13,65,63.43,69.54
S0074,HOME_CARE,WEST,29,69,41,37.57,41.5
S0108,DAIRY,SOUTH,20,50,86,73.43,65.57
S0038,BEVERAGES,SOUTH,24,48,54,60.71,59.36
S0035,HOME_CARE,SOUTH,32,22,19,36.0,38.57
S0034,PHARMA,WEST,34,39,34,30.71,36.46
S0023,HOME_CARE,CENTRAL,27,44,48,71.14,55.32
S0076,GROCERIES,WEST,60,50,50,52.71,56.68
S0066,DAIRY,CENTRAL,31,60,33,48.14,46.5
S0087,PHARMA,CENTRAL,34,60,60,43.43,45.54
S0034,DAIRY,WEST,18,37,34,49.86,45.43
S0055,BEVERAGES,NORTH,44,112,35,56.14,53.61
S0082,DAIRY,EAST,37,14,58,42.29,51.71
S0054,BEVERAGES,NORTH,58,67,48,71.71,55.57
S0084,PERSONAL_CARE,WEST,19,51,57,41.14,50.57
S0068,HOME_CARE,CENTRAL,41,35,92,42.71,39.04
S0086,HOME_CARE,EAST,61,32,51,59.14,46.75
S0098,SNACKS,WEST,47,49,27,50.14,49.0
S0083,SNACKS,SOUTH,59,52,46,74.0,69.39
S0063,BEVERAGES,SOUTH,67,40,55,83.14,81.07
S0078,SNACKS,NORTH,50,34,46,60.14,67.5
S0108,BEVERAGES,SOUTH,104,126,104,73.29,84.32
S0063,DAIRY,SOUTH,70,46,67,61.14,67.96
S0080,BEVERAGES,EAST,60,62,84,72.29,64.93
S0009,DAIRY,NORTH,88,48,44,65.0,57.64
S0053,SNACKS,EAST,92,38,65,59.86,59.36
S0027,PERSONAL_CARE,CENTRAL,23,17,83,62.86,49.54
S0102,PHARMA,SOUTH,49,18,63,34.14,41.07
S0090,PHARMA,NORTH,41,37,21,38.57,43.36
S0008,BEVERAGES,NORTH,78,35,121,74.43,61.57
S0084,DAIRY,WEST,68,54,24,43.71,54.07
S0041,PERSONAL_CARE,SOUTH,55,65,193,70.43,52.71
S0092,PERSONAL_CARE,WEST,45,51,54,60.43,53.0
S0056,DAIRY,CENTRAL,21,63,59,40.29,47.61
S0050,HOME_CARE,NORTH,46,73,50,68.0,58.04
S0082,GROCERIES,EAST,62,51,38,44.57,64.75
S0112,DAIRY,NORTH,38,57,45,53.71,44.25
S0077,PERSONAL_CARE,NORTH,47,54,50,42.57,42.14
S0042,HOME_CARE,CENTRAL,22,15,72,42.0,40.25
S0051,SNACKS,SOUTH,28,60,25,82.86,74.0
S0103,HOME_CARE,CENTRAL,20,34,43,37.57,45.0
S0112,HOME_CARE,NORTH,33,16,47,33.43,41.07
S0040,PHARMA,NORTH,28,49,44,30.43,35.5
S0055,HOME_CARE,NORTH,37,40,31,38.0,40.75
S0081,GROCERIES,WEST,67,72,39,46.29,61.18
S0066,SNACKS,CENTRAL,38,41,58,61.43,59.75
S0052,DAIRY,WEST,79,46,34,58.0,63.46
S0057,SNACKS,EAST,33,36,28,46.29,52.11
S0034,BEVERAGES,WEST,55,50,47,68.86,61.75
S0119,PERSONAL_CARE,EAST,35,35,40,50.0,55.14
S0044,PHARMA,CENTRAL,33,25,15,42.71,39.21
S0117,HOME_CARE,EAST,26,45,76,59.0,48.5
S0052,SNACKS,WEST,18,108,31,74.29,79.64
S0049,PERSONAL_CARE,SOUTH,22,11,46,40.86,35.29
S0001,BEVERAGES,WEST,111,64,61,54.57,65.93
S0020,BEVERAGES,WEST,77,40,67,70.71,56.21
S0063,HOME_CARE,SOUTH,70,31,87,46.14,49.68
S0064,DAIRY,EAST,94,67,57,54.71,64.68
S0013,SNACKS,CENTRAL,51,41,54,57.86,59.39
S0061,BEVERAGES,EAST,102,40,35,78.0,72.29
S0037,DAIRY,CENTRAL,56,32,52,58.43,52.89
S0120,GROCERIES,SOUTH,36,81,58,77.57,64.14
S0029,HOME_CARE,CENTRAL,43,38,18,47.0,38.96
S0015,BEVERAGES,WEST,63,53,43,74.29,67.79
S0097,DAIRY,SOUTH,64,41,34,30.71,38.89
S0018,GROCERIES,CENTRAL,95,39,78,70.71,61.14
S0113,GROCERIES,SOUTH,60,50,70,61.14,64.64
S0038,HOME_CARE,SOUTH,47,42,45,41.57,43.71
S0089,SNACKS,NORTH,53,47,100,68.29,71.46
S0035,PHARMA,SOUTH,39,13,18,33.43,32.68
S0026,DAIRY,NORTH,64,72,61,67.86,64.96
S0096,PHARMA,EAST,52,94,43,57.14,52.46
S0049,GROCERIES,SOUTH,43,18,28,50.14,51.96
S0070,HOME_CARE,SOUTH,36,41,46,52.43,53.79
S0007,PHARMA,EAST,51,40,75,37.71,41.46
S0024,PERSONAL_CARE,SOUTH,71,58,46,55.0,49.25
S0043,PHARMA,SOUTH,52,45,35,40.14,40.21
S0064,SNACKS,EAST,73,58,72,75.14,70.43
S0092,GROCERIES,WEST,84,48,94,61.71,65.04
S0031,DAIRY,CENTRAL,56,39,49,53.29,48.57
S0107,SNACKS,WEST,90,49,116,99.57,71.36
S0099,DAIRY,NORTH,34,32,41,52.71,56.89
S0064,PERSONAL_CARE,EAST,104,73,53,56.0,59.64
S0023,PERSONAL_CARE,CENTRAL,37,68,34,49.57,56.18
S0026,PHARMA,NORTH,42,30,47,47.57,44.82
S0043,BEVERAGES,SOUTH,188,41,34,48.43,61.75
S0003,SNACKS,NORTH,82,60,54,47.86,53.64
S0048,PERSONAL_CARE,CENTRAL,45,54,56,32.86,40.07
S0025,SNACKS,SOUTH,43,37,9,60.14,58.32
S0091,DAIRY,EAST,35,72,70,63.0,56.71
S0111,SNACKS,NORTH,104,55,66,45.43,52.71
S0053,PHARMA,EAST,20,44,19,43.71,42.29
S0033,HOME_CARE,NORTH,17,68,49,49.57,45.29
S0002,PHARMA,NORTH,31,34,46,42.14,42.75
S0069,PHARMA,CENTRAL,12,20,35,35.71,36.57
S0102,HOME_CARE,SOUTH,39,20,38,34.86,38.57
S0014,PERSONAL_CARE,EAST,79,48,49,56.57,57.0
S0046,PERSONAL_CARE,NORTH,49,29,84,50.57,53.25
S0086,PHARMA,EAST,43,76,55,45.29,42.71
S0109,BEVERAGES,NORTH,63,99,64,64.29,63.54
S0085,BEVERAGES,NORTH,161,33,84,78.86,71.64
S0074,GROCERIES,WEST,32,79,64,46.14,52.11
S0115,DAIRY,CENTRAL,50,51,24,60.29,50.14
S0113,SNACKS,SOUTH,62,73,62,78.0,67.43
S0093,PHARMA,EAST,42,32,34,70.57,50.21
S0029,GROCERIES,CENTRAL,50,36,56,47.86,59.11
S0100,SNACKS,WEST,55,82,57,54.43,56.82
S0099,BEVERAGES,NORTH,65,57,45,70.14,71.0
S0038,PHARMA,SOUTH,48,33,58,38.0,40.18
S0056,PHARMA,CENTRAL,24,25,34,23.86,31.04
S0079,PERSONAL_CARE,SOUTH,54,39,36,56.29,53.07
S0022,SNACKS,NORTH,35,14,86,56.29,49.0
S0065,DAIRY,SOUTH,105,55,23,47.71,57.21
S0070,BEVERAGES,SOUTH,62,41,59,50.57,58.46
S0020,SNACKS,WEST,66,46,37,63.71,52.64
S0078,PERSONAL_CARE,NORTH,47,49,77,62.14,56.18
S0077,GROCERIES,NORTH,96,45,55,57.0,62.89
S0042,BEVERAGES,CENTRAL,101,87,56,46.43,63.25
S0112,PERSONAL_CARE,NORTH,38,41,44,48.29,45.18
S0060,SNACKS,SOUTH,44,90,63,59.71,57.5
S0104,PHARMA,WEST,58,57,29,40.71,37.11
S0014,PHARMA,EAST,80,74,70,45.71,51.36
S0082,PHARMA,EAST,39,30,46,38.14,37.25
S0045,PHARMA,CENTRAL,59,30,22,51.86,46.36
S0070,SNACKS,SOUTH,133,66,90,72.29,72.18
S0014,SNACKS,EAST,110,60,59,60.0,72.5
S0105,GROCERIES,NORTH,58,100,49,75.29,75.61
S0001,DAIRY,WEST,79,39,38,61.86,52.79
S0049,PHARMA,SOUTH,14,48,81,32.29,29.82
S0080,SNACKS,EAST,29,33,38,88.14,68.39
S0118,DAIRY,WEST,22,27,62,45.0,48.36
S0010,DAIRY,WEST,26,52,57,56.0,49.64
S0090,BEVERAGES,NORTH,35,58,85,60.71,59.36
S0041,DAIRY,SOUTH,36,55,92,72.86,64.71
S0012,SNACKS,CENTRAL,95,48,46,57.14,64.07
S0106,SNACKS,WEST,47,48,55,69.0,63.86
S0091,SNACKS,EAST,50,58,57,70.57,58.61
S0051,BEVERAGES,SOUTH,42,54,76,91.0,68.39
S0005,PERSONAL_CARE,CENTRAL,37,63,48,54.71,54.82
S0080,HOME_CARE,EAST,36,22,38,49.57,53.64
S0083,PERSONAL_CARE,SOUTH,62,34,52,58.57,64.61
S0046,HOME_CARE,NORTH,25,45,32,46.57,44.93
S0050,BEVERAGES,NORTH,65,77,108,63.0,69.86
S0018,PERSONAL_CARE,CENTRAL,34,83,77,45.29,48.82
S0045,DAIRY,CENTRAL,49,51,42,60.86,61.82
S0021,GROCERIES,SOUTH,41,50,97,58.43,56.89
S0010,PHARMA,WEST,37,27,21,39.29,37.14
S0068,BEVERAGES,CENTRAL,46,63,72,59.14,63.39
S0113,DAIRY,SOUTH,73,70,33,60.14,56.86
S0003,GROCERIES,NORTH,66,46,45,70.29,68.25
S0074,PHARMA,WEST,41,40,60,28.86,32.5
S0088,GROCERIES,SOUTH,34,59,102,75.0,71.21
S0003,PHARMA,NORTH,34,46,34,34.0,37.18
S0033,DAIRY,NORTH,46,42,28,46.14,47.43
S0039,HOME_CARE,SOUTH,22,36,18,39.0,40.46
S0042,SNACKS,CENTRAL,73,73,52,61.71,63.64
S0037,GROCERIES,CENTRAL,36,56,52,74.0,69.25
S0072,PERSONAL_CARE,SOUTH,29,73,31,46.14,49.25
S0079,PHARMA,SOUTH,68,56,93,47.29,52.61
S0112,PHARMA,NORTH,32,25,51,47.57,36.57
S0005,DAIRY,CENTRAL,64,53,28,52.86,56.43
S0106,PERSONAL_CARE,WEST,67,39,74,60.29,56.86
S0107,HOME_CARE,WEST,47,25,49,51.0,45.25
S0072,HOME_CARE,SOUTH,57,41,24,45.43,42.11
S0113,BEVERAGES,SOUTH,95,34,106,64.71,63.5
S0054,DAIRY,NORTH,35,32,41,44.86,44.68
S0019,HOME_CARE,WEST,57,46,61,42.0,45.71
S0117,DAIRY,EAST,71,68,48,57.29,64.25
S0001,PERSONAL_CARE,WEST,67,55,54,39.86,49.29
S0067,BEVERAGES,SOUTH,180,96,38,75.86,75.07
S0002,DAIRY,NORTH,34,53,42,63.43,53.86
S0033,SNACKS,NORTH,50,118,39,50.0,59.43
S0113,PERSONAL_CARE,SOUTH,33,38,52,62.86,49.93
S0042,PHARMA,CENTRAL,63,14,40,41.57,38.57
S0019,PHARMA,WEST,56,46,76,39.14,44.86
S0024,BEVERAGES,SOUTH,73,60,98,45.86,57.64
S0017,GROCERIES,SOUTH,75,71,121,86.71,66.79
S0026,PERSONAL_CARE,NORTH,99,29,35,61.71,51.18
S0048,PHARMA,CENTRAL,37,32,50,45.29,36.79
S0070,PHARMA,SOUTH,38,41,25,62.71,50.96
S0014,DAIRY,EAST,83,45,57,67.0,63.36
S0047,BEVERAGES,NORTH,104,89,136,71.14,74.39
S0109,HOME_CARE,NORTH,74,57,33,42.14,49.75
S0060,PHARMA,SOUTH,23,47,32,35.57,42.32
S0024,GROCERIES,SOUTH,61,43,74,59.71,60.64
S0031,GROCERIES,CENTRAL,34,49,43,59.57,52.68
S0115,PHARMA,CENTRAL,21,41,37,36.86,34.11
S0091,PERSONAL_CARE,EAST,82,56,33,49.43,52.43
S0035,PERSONAL_CARE,SOUTH,39,41,43,54.71,44.25
S0039,BEVERAGES,SOUTH,41,85,70,49.43,60.46
S0071,BEVERAGES,EAST,47,80,73,85.71,77.61
S0096,GROCERIES,EAST,47,105,101,64.29,80.21
S0040,GROCERIES,NORTH,107,107,54,64.86,66.07
S0081,HOME_CARE,WEST,41,36,31,40.14,35.14
S0092,HOME_CARE,WEST,42,57,44,41.14,51.0
S0054,HOME_CARE,NORTH,44,50,29,39.0,41.61
S0101,SNACKS,CENTRAL,48,47,66,57.29,59.68
S0002,BEVERAGES,NORTH,66,32,70,87.29,67.07
S0029,PHARMA,CENTRAL,28,25,35,36.86,39.82
S0054,SNACKS,NORTH,58,65,57,41.57,51.29
S0089,GROCERIES,NORTH,76,68,108,70.0,77.86
S0101,GROCERIES,CENTRAL,90,61,63,74.43,71.82
S0076,PHARMA,WEST,74,49,42,35.57,41.96
S0076,BEVERAGES,WEST,44,39,43,47.0,57.89
S0078,DAIRY,NORTH,54,69,79,51.0,59.89
S0101,HOME_CARE,CENTRAL,32,26,39,30.43,42.54
S0047,PHARMA,NORTH,54,55,34,39.57,40.79
S0053,PERSONAL_CARE,EAST,54,26,16,43.43,46.07
S0077,BEVERAGES,NORTH,32,54,66,60.14,59.29
S0062,BEVERAGES,SOUTH,31,69,52,67.86,57.0
S0094,HOME_CARE,SOUTH,60,48,37,43.71,47.04
S0033,PHARMA,NORTH,27,35,47,51.29,42.64
S0001,GROCERIES,WEST,113,53,57,76.71,65.61
S0102,GROCERIES,SOUTH,100,87,93,66.71,64.46
S0017,DAIRY,SOUTH,54,147,60,60.71,55.71
S0096,PERSONAL_CARE,EAST,49,42,73,47.29,63.14
S0009,HOME_CARE,NORTH,90,75,67,44.0,48.36
S0083,BEVERAGES,SOUTH,49,68,75,88.71,67.96
S0105,DAIRY,NORTH,40,52,45,53.86,53.11
S0005,PHARMA,CENTRAL,33,34,19,45.0,43.89
S0033,GROCERIES,NORTH,81,66,68,55.86,73.14
S0039,GROCERIES,SOUTH,83,53,88,62.43,66.43
S0073,BEVERAGES,CENTRAL,19,48,38,61.0,56.46
S0062,SNACKS,SOUTH,118,44,41,45.0,46.75
S0007,PERSONAL_CARE,EAST,54,59,22,51.14,52.29
S0072,GROCERIES,SOUTH,61,92,79,69.29,73.25
S0054,PHARMA,NORTH,23,27,55,49.0,38.0
S0043,DAIRY,SOUTH,57,50,61,32.86,44.5
S0056,PERSONAL_CARE,CENTRAL,51,53,60,42.86,45.18
S0032,BEVERAGES,EAST,68,56,47,55.86,53.71
S0080,GROCERIES,EAST,125,94,81,74.57,79.29
S0044,BEVERAGES,CENTRAL,79,63,87,56.86,61.46
S0067,SNACKS,SOUTH,55,57,63,75.0,70.82
S0082,HOME_CARE,EAST,34,28,65,37.57,35.14
S0012,PERSONAL_CARE,CENTRAL,32,78,36,59.29,54.36
S0035,BEVERAGES,SOUTH,97,29,53,49.0,49.54
S0083,DAIRY,SOUTH,75,41,68,67.0,61.18
S0028,BEVERAGES,NORTH,56,29,52,37.29,48.21
S0025,PERSONAL_CARE,SOUTH,59,86,21,45.29,47.68
S0026,BEVERAGES,NORTH,68,48,93,59.43,62.21
S0099,PHARMA,NORTH,59,100,23,42.14,49.46
S0065,PERSONAL_CARE,SOUTH,16,49,48,55.14,47.25
S0089,DAIRY,NORTH,49,50,79,79.71,60.57
S0116,HOME_CARE,SOUTH,27,46,78,34.71,41.79
S0081,PERSONAL_CARE,WEST,30,25,45,42.14,37.25
S0048,HOME_CARE,CENTRAL,41,44,49,46.29,42.86
S0070,GROCERIES,SOUTH,95,38,148,83.86,77.11
S0108,GROCERIES,SOUTH,43,97,56,70.29,76.07
S0098,PHARMA,WEST,28,15,24,32.0,36.25
S0003,DAIRY,NORTH,30,117,24,59.14,51.32
S0046,GROCERIES,NORTH,42,93,53,73.29,66.86
S0117,SNACKS,EAST,25,61,75,69.0,59.14
S0012,BEVERAGES,CENTRAL,84,36,37,60.86,62.39
S0014,BEVERAGES,EAST,56,122,37,72.71,76.32
S0104,SNACKS,WEST,47,32,47,61.57,55.89
S0046,DAIRY,NORTH,43,76,33,61.86,56.18
S0087,PERSONAL_CARE,CENTRAL,72,25,55,82.57,67.14
S0115,HOME_CARE,CENTRAL,16,39,71,40.86,35.39
S0025,PHARMA,SOUTH,36,46,64,39.71,36.75
S0111,PHARMA,NORTH,27,41,32,29.71,32.86
S0101,PHARMA,CENTRAL,39,30,38,58.29,49.32
S0035,GROCERIES,SOUTH,57,48,36,66.29,51.57
S0101,PERSONAL_CARE,CENTRAL,30,47,45,48.57,51.32
S0105,SNACKS,NORTH,63,43,116,68.71,61.96
S0022,DAIRY,NORTH,35,19,54,44.71,40.64
S0027,GROCERIES,CENTRAL,65,47,59,88.57,70.11
S0004,BEVERAGES,NORTH,44,51,72,81.43,80.18
S0088,SNACKS,SOUTH,37,59,81,68.14,66.86
S0015,DAIRY,WEST,58,25,110,73.43,60.79
S0107,PHARMA,WEST,43,75,26,55.0,49.75
S0041,SNACKS,SOUTH,79,54,145,62.57,66.43
S0031,SNACKS,CENTRAL,77,64,48,55.43,50.57
S0063,SNACKS,SOUTH,53,82,132,60.43,65.75
S0006,BEVERAGES,NORTH,38,42,49,47.29,56.14
S0024,DAIRY,SOUTH,66,49,26,50.43,54.29
S0100,PERSONAL_CARE,WEST,71,29,15,49.71,49.68
S0045,SNACKS,CENTRAL,42,105,102,70.14,65.79
S0006,HOME_CARE,NORTH,52,32,57,49.57,46.54
S0059,PHARMA,EAST,19,61,41,27.71,34.5
S0008,PHARMA,NORTH,41,80,34,54.57,40.29
S0020,HOME_CARE,WEST,36,38,15,27.43,31.96
S0050,PERSONAL_CARE,NORTH,66,40,104,50.86,59.46
S0096,HOME_CARE,EAST,69,37,25,51.29,48.86
S0048,GROCERIES,CENTRAL,72,58,91,72.71,64.39
S0102,SNACKS,SOUTH,71,61,47,67.29,59.32
S0117,BEVERAGES,EAST,42,18,105,66.0,54.96
S0064,BEVERAGES,EAST,91,73,45,68.0,79.96
S0048,DAIRY,CENTRAL,48,45,40,30.57,44.61
S0066,HOME_CARE,CENTRAL,42,45,42,43.29,39.82
S0007,HOME_CARE,EAST,39,36,24,34.86,42.29
S0036,DAIRY,NORTH,32,121,73,66.57,64.68
S0056,HOME_CARE,CENTRAL,41,12,41,39.43,34.89
S0024,HOME_CARE,SOUTH,25,31,23,34.43,38.93
S0110,GROCERIES,SOUTH,125,59,11,73.43,72.14
S0022,GROCERIES,NORTH,53,84,35,51.0,55.29
S0011,DAIRY,WEST,63,41,64,70.86,55.75
S0025,GROCERIES,SOUTH,38,84,65,55.43,57.29
S0017,PERSONAL_CARE,SOUTH,84,34,33,53.29,49.39
S0088,HOME_CARE,SOUTH,13,22,43,52.0,49.61
S0008,DAIRY,NORTH,56,50,67,52.71,52.89
S0020,PERSONAL_CARE,WEST,43,82,35,43.57,41.57
S0099,GROCERIES,NORTH,91,42,83,78.29,68.18
S0110,PHARMA,SOUTH,58,63,119,37.43,43.79
S0090,SNACKS,NORTH,64,49,30,55.57,53.32
S0028,PHARMA,NORTH,63,26,37,30.86,33.07
S0016,PERSONAL_CARE,WEST,45,41,62,40.71,43.5
S0043,GROCERIES,SOUTH,58,62,63,54.43,56.96
S0005,HOME_CARE,CENTRAL,39,67,78,36.43,42.21
S0028,PERSONAL_CARE,NORTH,65,47,87,35.0,43.86
S0091,PHARMA,EAST,32,18,46,33.86,37.14
S0028,DAIRY,NORTH,32,22,51,64.43,45.14
S0095,PHARMA,EAST,19,27,32,49.29,44.86
S0056,BEVERAGES,CENTRAL,30,73,81,71.57,56.25
S0030,GROCERIES,NORTH,48,73,92,63.71,62.68
S0040,BEVERAGES,NORTH,73,52,72,52.86,56.11
S0027,DAIRY,CENTRAL,50,73,63,55.0,52.54
S0071,PHARMA,EAST,62,7,77,37.0,48.82
S0011,PHARMA,WEST,24,44,39,34.86,36.18
S0092,DAIRY,WEST,60,49,41,56.57,58.43
S0054,PERSONAL_CARE,NORTH,35,27,22,37.71,46.14
S0069,HOME_CARE,CENTRAL,56,85,31,26.43,38.0
S0080,DAIRY,EAST,34,43,87,49.86,65.11
S0091,HOME_CARE,EAST,72,33,44,43.71,44.93
S0051,DAIRY,SOUTH,70,26,30,73.71,68.29
S0071,GROCERIES,EAST,123,64,112,68.57,80.0
S0063,GROCERIES,SOUTH,48,57,53,90.14,81.96
S0020,GROCERIES,WEST,47,72,60,46.86,50.54
S0009,GROCERIES,NORTH,82,106,72,80.29,73.61
S0098,GROCERIES,WEST,37,80,149,53.71,54.61
S0053,GROCERIES,EAST,55,115,43,44.57,57.43
S0055,PHARMA,NORTH,23,27,28,28.0,38.36
S0117,PHARMA,EAST,16,49,40,42.57,45.21
S0044,SNACKS,CENTRAL,84,67,40,77.29,74.93
S0104,BEVERAGES,WEST,67,25,50,53.86,51.79
S0065,SNACKS,SOUTH,44,34,24,37.71,46.71
S0004,HOME_CARE,NORTH,33,62,58,38.57,44.79
S0050,DAIRY,NORTH,28,57,31,63.14,62.54
S0080,PERSONAL_CARE,EAST,80,45,47,63.86,61.0
S0071,HOME_CARE,EAST,52,22,74,49.29,48.93
S0075,GROCERIES,EAST,59,36,111,70.29,63.79
S0001,PHARMA,WEST,47,22,28,41.57,38.0
S0025,HOME_CARE,SOUTH,39,30,29,40.43,41.18
S0110,DAIRY,SOUTH,32,68,85,67.86,61.68
S0044,GROCERIES,CENTRAL,59,125,85,64.43,72.68
S0058,HOME_CARE,WEST,52,55,44,44.57,55.07
S0036,BEVERAGES,NORTH,59,35,79,67.14,68.86
S0105,BEVERAGES,NORTH,79,69,100,73.43,69.11
S0075,BEVERAGES,EAST,48,55,26,76.71,72.5
S0062,GROCERIES,SOUTH,73,119,133,50.0,62.86
S0030,BEVERAGES,NORTH,57,106,78,55.14,60.29
S0041,GROCERIES,SOUTH,38,70,132,64.14,63.0
S0058,PERSONAL_CARE,WEST,47,33,97,58.29,46.61
S0078,PHARMA,NORTH,52,14,62,48.43,51.29
S0049,DAIRY,SOUTH,15,48,35,46.0,37.11
S0081,BEVERAGES,WEST,49,65,69,71.57,59.54
S0033,PERSONAL_CARE,NORTH,55,30,28,60.57,47.93
S0014,GROCERIES,EAST,120,117,76,80.57,76.46
S0087,GROCERIES,CENTRAL,134,45,117,75.29,73.68
S0016,SNACKS,WEST,39,69,67,79.71,62.18
S0001,SNACKS,WEST,81,41,86,64.57,67.5
S0032,HOME_CARE,EAST,37,39,19,31.43,39.39
S0095,BEVERAGES,EAST,57,50,51,61.0,62.04
S0077,DAIRY,NORTH,31,51,87,62.43,54.71
S0010,HOME_CARE,WEST,26,38,21,45.71,39.75
S0036,SNACKS,NORTH,50,76,40,65.86,66.14
S0011,HOME_CARE,WEST,69,48,47,45.57,46.29
S0101,BEVERAGES,CENTRAL,96,126,26,54.29,75.39
S0062,DAIRY,SOUTH,15,88,37,42.71,49.43
S0085,PHARMA,NORTH,28,80,41,47.57,46.57
S0068,GROCERIES,CENTRAL,38,54,26,58.57,61.96
S0035,SNACKS,SOUTH,66,117,71,45.71,50.61
S0095,DAIRY,EAST,39,70,68,40.14,45.57
S0106,BEVERAGES,WEST,47,95,45,63.43,74.04
S0059,SNACKS,EAST,23,50,65,56.0,56.14
S0092,BEVERAGES,WEST,45,91,106,78.57,76.18
S0093,BEVERAGES,EAST,32,73,59,84.71,86.14
S0112,BEVERAGES,NORTH,104,61,67,59.43,63.0
S0087,DAIRY,CENTRAL,72,103,67,81.14,70.89
S0007,BEVERAGES,EAST,62,25,118,66.0,59.21
S0077,SNACKS,NORTH,52,54,61,60.0,58.07
S0110,PERSONAL_CARE,SOUTH,50,54,33,61.86,56.57
S0039,DAIRY,SOUTH,34,97,96,55.86,57.11
S0072,PHARMA,SOUTH,19,41,46,36.57,35.89
S0007,SNACKS,EAST,54,51,33,90.43,65.46
S0017,PHARMA,SOUTH,67,50,20,51.86,42.18
S0037,HOME_CARE,CENTRAL,53,36,54,54.86,50.75
S0006,PHARMA,NORTH,49,46,37,39.71,41.64
S0046,BEVERAGES,NORTH,99,122,98,71.57,68.0
S0006,SNACKS,NORTH,45,86,80,46.0,51.71
S0057,DAIRY,EAST,83,65,52,57.14,54.5
S0114,HOME_CARE,SOUTH,51,53,50,45.86,45.86
S0015,PERSONAL_CARE,WEST,4,71,96,41.86,44.18
S0043,PERSONAL_CARE,SOUTH,37,43,37,41.71,45.04
S0064,GROCERIES,EAST,115,106,38,82.71,82.57
S0061,PERSONAL_CARE,EAST,25,89,98,52.86,51.11
S0023,BEVERAGES,CENTRAL,38,74,49,79.14,57.79
S0065,BEVERAGES,SOUTH,58,62,66,73.0,66.75
S0118,HOME_CARE,WEST,20,60,47,49.0,43.75
S0034,HOME_CARE,WEST,29,33,56,41.43,45.68
S0061,GROCERIES,EAST,51,97,73,78.14,78.57
S0086,DAIRY,EAST,64,79,36,65.57,70.5
S0090,GROCERIES,NORTH,44,41,87,65.57,64.11
S0052,GROCERIES,WEST,158,64,58,79.43,88.29
S0096,SNACKS,EAST,68,92,45,74.29,71.25
S0040,DAIRY,NORTH,30,29,30,39.86,52.61
S0058,SNACKS,WEST,50,53,65,59.43,69.04
S0018,SNACKS,CENTRAL,39,98,105,68.57,71.07
S0097,GROCERIES,SOUTH,47,25,32,54.29,49.5
S0005,SNACKS,CENTRAL,58,68,78,53.14,50.93
S0041,HOME_CARE,SOUTH,15,55,53,45.14,44.79
S0060,DAIRY,SOUTH,51,80,42,65.71,66.86
S0111,GROCERIES,NORTH,63,53,25,46.71,53.18
S0073,PERSONAL_CARE,CENTRAL,31,33,94,46.57,38.96
S0034,PERSONAL_CARE,WEST,47,38,53,47.43,43.54
S0016,DAIRY,WEST,36,95,54,61.0,50.64
S0089,PHARMA,NORTH,28,63,52,36.57,42.04
S0120,SNACKS,SOUTH,50,24,46,43.14,51.71
S0086,BEVERAGES,EAST,52,79,111,78.86,71.07
S0085,PERSONAL_CARE,NORTH,61,33,55,57.43,57.79
S0112,SNACKS,NORTH,77,81,108,67.29,63.86
S0030,PERSONAL_CARE,NORTH,41,52,35,43.57,42.86
S0048,SNACKS,CENTRAL,163,69,49,54.71,60.61
S0011,SNACKS,WEST,37,52,75,68.86,56.32
S0094,PERSONAL_CARE,SOUTH,72,53,43,69.57,54.04
S0036,GROCERIES,NORTH,49,89,42,72.57,73.57
S0048,BEVERAGES,CENTRAL,35,57,70,61.0,57.29
S0019,BEVERAGES,WEST,92,103,82,89.14,70.32
S0110,HOME_CARE,SOUTH,35,28,56,45.57,43.79
S0040,PERSONAL_CARE,NORTH,58,75,62,54.0,46.54
S0021,SNACKS,SOUTH,73,43,73,65.71,58.86
S0068,DAIRY,CENTRAL,110,56,73,58.29,55.0
S0094,DAIRY,SOUTH,80,63,34,62.86,59.64
S0107,BEVERAGES,WEST,77,95,170,68.86,63.32
S0075,HOME_CARE,EAST,40,57,43,39.0,41.96
S0111,DAIRY,NORTH,109,20,32,39.14,43.79
S0115,PERSONAL_CARE,CENTRAL,48,50,21,53.71,50.75
S0043,SNACKS,SOUTH,42,47,46,73.43,59.54
S0050,PHARMA,NORTH,30,48,32,49.14,44.89
S0084,PHARMA,WEST,37,17,67,56.86,50.75
S0035,DAIRY,SOUTH,24,53,31,48.0,46.21
S0075,SNACKS,EAST,31,81,50,46.29,56.68
S0120,PERSONAL_CARE,SOUTH,80,59,24,52.0,48.29
S0095,HOME_CARE,EAST,47,66,28,40.29,41.11
S0116,GROCERIES,SOUTH,59,106,121,57.0,66.29
S0093,HOME_CARE,EAST,36,54,72,50.86,50.89
S0100,PHARMA,WEST,62,62,19,43.57,44.07
S0091,GROCERIES,EAST,46,4,41,71.29,63.75
S0115,GROCERIES,CENTRAL,55,74,52,72.0,64.75
S0088,PHARMA,SOUTH,13,28,56,46.43,42.68
S0029,PERSONAL_CARE,CENTRAL,75,54,5,39.29,44.39
S0057,HOME_CARE,EAST,50,27,28,54.86,45.89
S0021,HOME_CARE,SOUTH,39,45,48,52.0,39.86
S0098,BEVERAGES,WEST,49,39,47,58.14,48.36
S0114,BEVERAGES,SOUTH,53,63,30,57.0,70.71
S0006,DAIRY,NORTH,86,48,42,41.0,46.0
S0022,HOME_CARE,NORTH,42,5,33,46.71,34.29
S0037,PERSONAL_CARE,CENTRAL,52,30,52,41.14,51.32
S0016,BEVERAGES,WEST,47,58,76,61.43,62.68
S0119,GROCERIES,EAST,108,42,57,64.43,70.07
S0096,DAIRY,EAST,55,63,41,79.86,69.46
S0113,HOME_CARE,SOUTH,25,36,84,42.57,43.0
S0084,HOME_CARE,WEST,16,38,43,36.86,41.57
S0111,BEVERAGES,NORTH,54,35,48,61.43,54.75
S0061,PHARMA,EAST,54,0,45,61.14,49.68
S0067,PERSONAL_CARE,SOUTH,57,58,37,70.57,56.79
S0052,PERSONAL_CARE,WEST,20,48,39,56.86,48.57
S0019,DAIRY,WEST,72,41,56,50.29,62.36
S0109,DAIRY,NORTH,49,66,48,41.86,49.21
S0051,PERSONAL_CARE,SOUTH,75,56,51,46.29,59.07
S0024,PHARMA,SOUTH,40,56,18,40.0,38.32
S0097,HOME_CARE,SOUTH,33,24,30,26.14,32.79
S0044,HOME_CARE,CENTRAL,75,68,55,43.29,46.61
S0069,PERSONAL_CARE,CENTRAL,46,39,55,50.0,42.18
S0103,BEVERAGES,CENTRAL,24,105,25,63.29,64.29
S0071,SNACKS,EAST,55,79,58,56.29,68.57
S0030,SNACKS,NORTH,41,88,107,47.0,55.57
S0045,BEVERAGES,CENTRAL,48,54,40,71.29,72.89
S0104,DAIRY,WEST,98,75,61,49.43,51.14
S0109,GROCERIES,NORTH,56,52,38,74.0,66.75
S0008,PERSONAL_CARE,NORTH,59,35,42,41.29,49.39
S0108,HOME_CARE,SOUTH,53,61,0,69.29,60.5
S0070,PERSONAL_CARE,SOUTH,25,54,60,67.29,46.07
S0082,SNACKS,EAST,30,41,42,52.14,53.14
S0073,PHARMA,CENTRAL,43,47,46,38.29,41.75
S0097,BEVERAGES,SOUTH,40,36,29,50.43,42.5
S0003,PERSONAL_CARE,NORTH,31,3,24,60.0,54.46
S0053,BEVERAGES,EAST,53,29,75,44.14,59.32
S0102,DAIRY,SOUTH,53,9,34,42.71,46.79
S0118,PERSONAL_CARE,WEST,32,42,38,47.14,41.18
S0060,PERSONAL_CARE,SOUTH,66,22,90,51.0,50.07
S0008,GROCERIES,NORTH,90,104,43,61.71,68.07
S0021,PERSONAL_CARE,SOUTH,38,2,40,49.43,45.5
S0073,HOME_CARE,CENTRAL,64,30,15,35.71,36.54
S0020,DAIRY,WEST,17,40,21,40.57,42.61
S0013,PHARMA,CENTRAL,41,43,38,55.71,41.32
S0103,SNACKS,CENTRAL,43,40,75,63.71,60.5
S0114,SNACKS,SOUTH,90,74,66,66.57,74.14
S0015,GROCERIES,WEST,92,53,46,68.57,75.64
S0108,SNACKS,SOUTH,102,62,87,70.14,77.39
S0059,HOME_CARE,EAST,29,43,40,47.0,39.32
S0029,DAIRY,CENTRAL,58,96,44,65.14,62.04
S0110,SNACKS,SOUTH,53,48,56,66.86,64.11
S0022,BEVERAGES,NORTH,33,51,84,45.0,51.75
S0059,GROCERIES,EAST,125,33,39,69.86,71.25
S0047,HOME_CARE,NORTH,29,21,65,53.14,43.21
S0004,PHARMA,NORTH,58,43,26,59.0,51.39
S0004,DAIRY,NORTH,36,102,71,61.86,52.36
S0083,PHARMA,SOUTH,45,6,47,41.43,44.04
S0079,SNACKS,SOUTH,87,35,51,76.29,57.75
S0096,BEVERAGES,EAST,67,112,35,47.29,64.54
S0117,PERSONAL_CARE,EAST,75,37,52,39.86,46.75
S0078,GROCERIES,NORTH,49,98,104,77.29,70.07
S0034,SNACKS,WEST,42,39,14,47.71,52.89
S0032,DAIRY,EAST,36,29,63,40.71,48.89
S0064,HOME_CARE,EAST,56,65,25,45.71,54.89
S0095,PERSONAL_CARE,EAST,44,56,61,32.86,43.36
S0003,HOME_CARE,NORTH,64,32,5,49.43,40.39
S0060,BEVERAGES,SOUTH,91,105,90,50.29,63.93
S0066,GROCERIES,CENTRAL,30,55,76,79.0,69.32
S0011,PERSONAL_CARE,WEST,36,34,37,56.14,49.5
S0019,PERSONAL_CARE,WEST,23,69,41,63.0,52.46
S0109,PHARMA,NORTH,50,75,49,40.57,42.79
S0093,DAIRY,EAST,62,99,44,66.71,62.89
S0118,PHARMA,WEST,29,24,31,40.0,34.04
S0119,HOME_CARE,EAST,55,68,77,53.29,47.21
S0017,HOME_CARE,SOUTH,65,28,47,45.57,47.89
S0069,DAIRY,CENTRAL,52,62,40,54.29,51.61
S0120,PHARMA,SOUTH,29,17,16,49.57,36.46
S0009,PERSONAL_CARE,NORTH,31,48,82,72.71,60.29
S0066,PHARMA,CENTRAL,33,48,22,34.14,34.68
S0003,BEVERAGES,NORTH,33,96,67,57.0,57.32
S0074,DAIRY,WEST,64,39,49,39.14,46.18
S0039,PERSONAL_CARE,SOUTH,36,34,153,49.14,53.93
S0056,SNACKS,CENTRAL,40,142,42,49.14,47.0
S0105,PERSONAL_CARE,NORTH,56,22,52,55.14,49.11
S0103,PERSONAL_CARE,CENTRAL,61,28,22,40.57,46.86
S0031,PHARMA,CENTRAL,27,22,21,26.0,33.32
S0098,PERSONAL_CARE,WEST,52,49,12,39.86,41.07
S0010,SNACKS,WEST,68,38,57,47.86,47.79
S0059,PERSONAL_CARE,EAST,38,37,6,40.14,42.04
S0089,PERSONAL_CARE,NORTH,46,82,34,60.29,50.43
S0077,HOME_CARE,NORTH,54,126,34,40.29,52.07
S0015,HOME_CARE,WEST,28,34,51,72.57,51.93
S0059,DAIRY,EAST,86,27,29,45.86,49.89
S0027,SNACKS,CENTRAL,41,78,69,61.14,55.46
S0074,BEVERAGES,WEST,45,103,36,44.86,53.61
S0075,DAIRY,EAST,43,66,59,79.86,60.29
S0026,HOME_CARE,NORTH,31,58,54,44.43,45.86
S0053,DAIRY,EAST,55,70,33,46.86,45.32
S0085,GROCERIES,NORTH,45,64,48,85.57,78.32
S0002,PERSONAL_CARE,NORTH,24,47,86,52.43,56.71
S0023,DAIRY,CENTRAL,23,80,69,58.29,57.46
S0098,DAIRY,WEST,52,60,93,50.14,45.29
S0097,PERSONAL_CARE,SOUTH,32,14,31,43.57,39.36
S0021,PHARMA,SOUTH,65,17,37,33.14,39.46
S0094,SNACKS,SOUTH,69,58,102,70.71,68.39
S0046,SNACKS,NORTH,65,114,84,78.43,69.25
S0055,GROCERIES,NORTH,37,43,56,70.29,61.0
S0095,SNACKS,EAST,33,74,48,49.29,51.5
S0006,PERSONAL_CARE,NORTH,52,40,19,39.43,39.43
S0104,GROCERIES,WEST,93,43,47,67.14,68.32
S0017,SNACKS,SOUTH,65,76,91,73.14,71.07
S0111,HOME_CARE,NORTH,61,45,19,29.86,36.5
S0029,SNACKS,CENTRAL,64,46,63,62.86,67.14
S0084,GROCERIES,WEST,32,47,67,87.43,65.21
S0032,GROCERIES,EAST,58,67,31,59.0,62.07
S0031,PERSONAL_CARE,CENTRAL,52,25,58,28.57,35.36
S0103,GROCERIES,CENTRAL,76,23,31,76.14,72.36
S0085,DAIRY,NORTH,50,102,84,62.14,61.54
S0009,BEVERAGES,NORTH,61,29,41,54.71,62.18
S0051,HOME_CARE,SOUTH,48,45,48,41.71,48.25
S0057,BEVERAGES,EAST,175,42,69,43.0,63.11
S0076,HOME_CARE,WEST,58,29,41,35.0,37.39
S0026,GROCERIES,NORTH,98,80,63,68.43,69.14
S0049,HOME_CARE,SOUTH,54,22,24,35.43,36.29
S0082,PERSONAL_CARE,EAST,14,39,25,44.71,48.32
S0069,BEVERAGES,CENTRAL,25,56,77,61.43,58.14
S0120,DAIRY,SOUTH,24,35,91,55.57,48.07
S0106,GROCERIES,WEST,30,79,107,58.57,64.07
S0018,DAIRY,CENTRAL,43,60,48,58.86,56.43
S0085,HOME_CARE,NORTH,32,79,56,71.29,56.07
S0086,PERSONAL_CARE,EAST,53,39,54,65.14,50.96
S0069,GROCERIES,CENTRAL,38,43,34,45.86,63.64
S0037,BEVERAGES,CENTRAL,98,87,54,64.0,71.75
S0038,DAIRY,SOUTH,24,71,48,42.29,51.82
S0042,GROCERIES,CENTRAL,17,51,70,52.57,48.68
S0045,GROCERIES,CENTRAL,109,85,40,79.57,86.43
S0029,BEVERAGES,CENTRAL,52,76,59,48.57,57.93
S0115,BEVERAGES,CENTRAL,60,36,47,53.0,57.86
S0021,DAIRY,SOUTH,62,28,48,68.14,58.5
S0047,GROCERIES,NORTH,88,109,86,58.14,68.57
S0106,PHARMA,WEST,47,36,25,60.0,51.39
S0013,PERSONAL_CARE,CENTRAL,70,51,31,45.86,49.14
S0061,DAIRY,EAST,34,79,26,66.29,59.82
S0027,HOME_CARE,CENTRAL,101,47,61,50.0,52.18
S0007,DAIRY,EAST,38,35,93,54.14,50.32
S0103,PHARMA,CENTRAL,34,42,72,47.29,41.43
S0114,PERSONAL_CARE,SOUTH,47,36,49,65.86,61.11
S0036,PHARMA,NORTH,39,36,29,38.86,40.5
S0059,BEVERAGES,EAST,36,69,62,63.0,65.36
S0110,BEVERAGES,SOUTH,109,106,102,52.86,60.04
S0079,HOME_CARE,SOUTH,50,38,69,40.57,44.29
S0098,HOME_CARE,WEST,46,8,19,49.29,42.43
S0074,PERSONAL_CARE,WEST,22,9,53,48.14,38.79
S0088,BEVERAGES,SOUTH,68,48,34,71.43,61.5
S0053,HOME_CARE,EAST,32,30,47,56.29,47.0
S0076,PERSONAL_CARE,WEST,75,29,33,36.71,38.07
S0089,HOME_CARE,NORTH,46,62,46,55.29,48.21
S0010,PERSONAL_CARE,WEST,34,16,29,52.14,41.96
S0060,GROCERIES,SOUTH,40,42,67,69.86,79.75
S0038,PERSONAL_CARE,SOUTH,46,34,66,46.43,47.86
S0011,GROCERIES,WEST,54,50,34,59.86,64.29
S0034,GROCERIES,WEST,66,81,59,66.71,73.04
S0116,DAIRY,SOUTH,64,28,39,53.86,51.96
S0013,GROCERIES,CENTRAL,35,28,40,64.71,61.46
S0076,SNACKS,WEST,68,70,53,50.29,53.68
S0017,BEVERAGES,SOUTH,33,135,27,53.0,59.75
S0118,BEVERAGES,WEST,78,79,84,64.57,58.11
S0086,SNACKS,EAST,45,57,52,80.86,65.39
S0019,GROCERIES,WEST,39,65,88,78.14,73.5
S0108,PERSONAL_CARE,SOUTH,41,72,98,63.43,64.14
S0032,PERSONAL_CARE,EAST,72,31,44,30.71,45.61
S0114,PHARMA,SOUTH,16,42,28,40.14,39.68
S0038,SNACKS,SOUTH,50,84,30,50.71,57.57
S0095,GROCERIES,EAST,60,85,32,51.86,65.04
S0027,PHARMA,CENTRAL,50,32,51,36.0,43.32
S0044,PERSONAL_CARE,CENTRAL,58,74,41,43.57,52.96
S0087,BEVERAGES,CENTRAL,145,52,30,78.0,79.71
S0051,PHARMA,SOUTH,44,55,26,52.71,49.36
S0054,GROCERIES,NORTH,68,48,20,65.71,68.43
S0013,BEVERAGES,CENTRAL,80,83,47,58.29,63.86
S0116,PERSONAL_CARE,SOUTH,77,39,33,60.43,55.75
S0072,SNACKS,SOUTH,59,45,81,62.29,59.5
S0119,PHARMA,EAST,42,80,20,44.0,39.57
S0011,BEVERAGES,WEST,58,49,42,50.0,61.36
S0051,GROCERIES,SOUTH,77,112,50,79.43,75.5
S0099,PERSONAL_CARE,NORTH,60,100,92,47.71,55.96
S0023,PHARMA,CENTRAL,30,54,25,54.29,50.32
S0068,PHARMA,CENTRAL,41,30,36,36.71,38.29
S0013,HOME_CARE,CENTRAL,73,46,46,43.71,43.57
S0021,BEVERAGES,SOUTH,68,67,73,57.0,59.11
S0037,SNACKS,CENTRAL,69,101,31,66.29,58.32
S0079,GROCERIES,SOUTH,79,92,74,71.86,73.82
S0100,GROCERIES,WEST,108,103,79,63.43,65.46
S0025,BEVERAGES,SOUTH,69,48,51,52.0,57.71
S0058,DAIRY,WEST,47,32,111,64.86,63.0
